{
  "repeat_macro": [
    0.82898,
    0.82389,
    0.82509,
    0.82627,
    0.82567
  ],
  "mean": 0.82598,
  "std": 0.00169,
  "n_repeats": 5,
  "n_folds": 5
}